{
  "ep_length_mean": [
    1000.0
  ],
  "ep_length_mean_T": [
    1000
  ],
  "epsilon": [
    1.0
  ],
  "epsilon_T": [
    1000
  ],
  "grad_norm": [
    27.482858657836914
  ],
  "grad_norm_T": [
    1000
  ],
  "loss": [
    20.423728942871094
  ],
  "loss_T": [
    1000
  ],
  "q_taken_mean": [
    -0.16857675170898437
  ],
  "q_taken_mean_T": [
    1000
  ],
  "return_mean": [
    {
      "dtype": "float64",
      "py/object": "numpy.float64",
      "value": 200.0
    }
  ],
  "return_mean_T": [
    1000
  ],
  "return_std": [
    {
      "dtype": "float64",
      "py/object": "numpy.float64",
      "value": 0.0
    }
  ],
  "return_std_T": [
    1000
  ],
  "target_mean": [
    0.18335519409179687
  ],
  "target_mean_T": [
    1000
  ],
  "td_error_abs": [
    0.7038638916015625
  ],
  "td_error_abs_T": [
    1000
  ]
}